<?xml version="1.0" encoding="UTF-8"?>
<!DOCTYPE hibernate-configuration PUBLIC
		"-//Hibernate/Hibernate Configuration DTD 3.0//EN"
		"http://www.hibernate.org/dtd/hibernate-configuration-3.0.dtd">
<hibernate-configuration>
	<session-factory>
	
		<property name="hibernate.connection.driver_class">com.mysql.cj.jdbc.Driver</property>
		<property name="hibernate.connection.url">jdbc:mysql://localhost:3306/online-furniture-shop-hib</property>
		<property name="hibernate.connection.username">root</property>
		<property name="hibernate.connection.password">root</property>
		<property name="hibernate.dialect">org.hibernate.dialect.MySQLDialect</property>


		<property name="hibernate.show_sql">true</property>
		<property name="hibernate.hbm2ddl.auto">update</property>


		<property name="hibernate.c3p0.min_size">10</property>
		<property name="hibernate.c3p0.max_size">100</property>
		<property name="hibernate.c3p0.acquire_increment">10</property>
		<property name="hibernate.c3p0.timeout">10</property>
		<property name="hibernate.c3p0.">10</property>


		<mapping class="onlinefurnitureshopping.bean.UserBean" />
		<mapping class="onlinefurnitureshopping.bean.RoleBean" />
		<mapping class="onlinefurnitureshopping.bean.CategoryBean" />
		<mapping class="onlinefurnitureshopping.bean.ProductBean" />
		<mapping class="onlinefurnitureshopping.bean.CartBean" />
		<mapping class="onlinefurnitureshopping.bean.InvoiceBean" />
		<mapping class="onlinefurnitureshopping.bean.ContectBean" />

		


	</session-factory>
</hibernate-configuration>
